"id","platform","campaign_name","ad_group_name","ad_identity","spend","impressions","clicks","conversions","cpa","ctr","cpc","quality_score","impr_share","frequency","reporting_date"
"3432","facebook","SEO - DFY - NEW LINES","DFY-BKN420 | I Hear It All The Time | 3 minutes BPCON2021, Alex Review Video |  Lookalike(US,3%-4%)-340-ROWS  – 09/30 –","DFY-BKN420 | I Hear It All The Time | 3 minutes BPCON2021, Alex Review Video |  Lookalike(US,3%-4%)-340-ROWS  – 09/30 –","706.67","6687","53","2","353.33","0.79258262","13.33339623","0","0.0","1.1","2026-01-05"
"3433","facebook","SEO - DFY - NEW LINES","DFY-BKN420 | I Hear It All The Time | 3 minutes BPCON2021, Alex Review Video |  Lookalike(US,3%-4%)-340-ROWS  – 09/30 –","DFY-BKN420 | I Hear It All The Time | 3 minutes BPCON2021, Alex Review Video |  Lookalike(US,3%-4%)-340-ROWS  – 09/30 –","740.36","7065","56","3","246.79","0.79264","13.22071429","0","0.0","1.1","2026-01-12"
"3434","facebook","SEO - DFY - NEW LINES","DFY-BKN420 | I Hear It All The Time | 3 minutes BPCON2021, Alex Review Video |  Lookalike(US,3%-4%)-340-ROWS  – 09/30 –","DFY-BKN420 | I Hear It All The Time | 3 minutes BPCON2021, Alex Review Video |  Lookalike(US,3%-4%)-340-ROWS  – 09/30 –","693.31","6653","53","2","346.66","0.79663309","13.08132075","0","0.0","1.1","2026-01-19"
"3435","facebook","SEO - DFY - NEW LINES","DFY-BKN420 | I Hear It All The Time | 3 minutes BPCON2021, Alex Review Video |  Lookalike(US,3%-4%)-340-ROWS  – 09/30 –","DFY-BKN420 | I Hear It All The Time | 3 minutes BPCON2021, Alex Review Video |  Lookalike(US,3%-4%)-340-ROWS  – 09/30 –","714.28","6915","55","3","238.09","0.79537237","12.98690909","0","0.0","1.1","2026-01-26"
"3436","facebook","SEO - DFY - NEW LINES","DFY-BKN420 | I Hear It All The Time | 3 minutes BPCON2021, Alex Review Video |  Lookalike(US,3%-4%)-340-ROWS  – 09/30 –","DFY-BKN420 | I Hear It All The Time | 3 minutes BPCON2021, Alex Review Video |  Lookalike(US,3%-4%)-340-ROWS  – 09/30 –","677.29","6616","53","3","225.76","0.80108827","12.7790566","0","0.0","1.1","2026-02-02"
"3437","facebook","SEO - DFY - NEW LINES","DFY-BKN420 | I Hear It All The Time | 3 minutes BPCON2021, Alex Review Video |  Lookalike(US,3%-4%)-340-ROWS  – 09/30 –","DFY-BKN420 | I Hear It All The Time | 3 minutes BPCON2021, Alex Review Video |  Lookalike(US,3%-4%)-340-ROWS  – 09/30 –","716.32","7059","57","3","238.77","0.80747981","12.56701754","0","0.0","1.1","2026-02-09"
"3438","facebook","SEO - DFY - NEW LINES","DFY-BKN420 | I Hear It All The Time | 3 minutes BPCON2021, Alex Review Video |  Lookalike(US,3%-4%)-340-ROWS  – 09/30 –","DFY-BKN420 | I Hear It All The Time | 3 minutes BPCON2021, Alex Review Video |  Lookalike(US,3%-4%)-340-ROWS  – 09/30 –","739.51","7376","60","3","246.5","0.81344889","12.32516667","0","0.0","1.1","2026-02-16"
"3439","facebook","SEO - DFY - NEW LINES","DFY-BKN420 | I Hear It All The Time | 3 minutes BPCON2021, Alex Review Video |  Lookalike(US,3%-4%)-340-ROWS  – 09/30 –","DFY-BKN420 | I Hear It All The Time | 3 minutes BPCON2021, Alex Review Video |  Lookalike(US,3%-4%)-340-ROWS  – 09/30 –","696.15","7030","58","3","232.05","0.82503556","12.00258621","0","0.0","1.1","2026-02-23"
"3440","facebook","SEO - DFY - NEW LINES","DFY-BKN420 | I Hear It All The Time | 3 minutes BPCON2021, Alex Review Video |  Lookalike(US,3%-4%)-340-ROWS  – 09/30 –","DFY-BKN420 | I Hear It All The Time | 3 minutes BPCON2021, Alex Review Video |  Lookalike(US,3%-4%)-340-ROWS  – 09/30 –","761.5","7813","65","3","253.83","0.83194676","11.71538462","0","0.0","1.1","2026-03-02"
"3441","facebook","SEO - DFY - NEW LINES","DFY-BKN420 | I Hear It All The Time | 3 minutes BPCON2021, Alex Review Video |  Lookalike(US,3%-4%)-340-ROWS  – 09/30 –","DFY-BKN420 | I Hear It All The Time | 3 minutes BPCON2021, Alex Review Video |  Lookalike(US,3%-4%)-340-ROWS  – 09/30 –","730.08","7566","64","3","243.36","0.84588951","11.4075","0","0.0","1.1","2026-03-09"
"3442","facebook","SEO - DFY - NEW LINES","DFY-BKN420 | I Hear It All The Time | 3 minutes BPCON2021, Alex Review Video |  Lookalike(US,3%-4%)-340-ROWS  – 09/30 –","DFY-BKN420 | I Hear It All The Time | 3 minutes BPCON2021, Alex Review Video |  Lookalike(US,3%-4%)-340-ROWS  – 09/30 –","740.94","7787","66","4","185.24","0.84756646","11.22636364","0","0.0","1.1","2026-03-16"
"3443","facebook","SEO - DFY - NEW LINES","DFY-BKN420 | I Hear It All The Time | 3 minutes BPCON2021, Alex Review Video |  Lookalike(US,3%-4%)-340-ROWS  – 09/30 –","DFY-BKN420 | I Hear It All The Time | 3 minutes BPCON2021, Alex Review Video |  Lookalike(US,3%-4%)-340-ROWS  – 09/30 –","677.16","7210","62","3","225.72","0.85991678","10.92193548","0","0.0","1.1","2026-03-23"
"3444","facebook","SEO - DFY - NEW LINES","DFY-BKN420 | I Hear It All The Time | 3 minutes BPCON2021, Alex Review Video |  Lookalike(US,3%-4%)-340-ROWS  – 09/30 –","DFY-BKN420 | I Hear It All The Time | 3 minutes BPCON2021, Alex Review Video |  Lookalike(US,3%-4%)-340-ROWS  – 09/30 –","659.88","7128","62","4","164.97","0.86980918","10.64322581","0","0.0","1.1","2026-03-30"
"3445","facebook","SEO - DFY - NEW LINES","DFY-BKN420 | I Hear It All The Time | 3 minutes BPCON2021, Alex Review Video |  Lookalike(US,3%-4%)-340-ROWS  – 09/30 –","DFY-BKN420 | I Hear It All The Time | 3 minutes BPCON2021, Alex Review Video |  Lookalike(US,3%-4%)-340-ROWS  – 09/30 –","670.36","7376","65","4","167.59","0.88123644","10.31323077","0","0.0","1.1","2026-04-06"
"3446","facebook","SEO - DFY - NEW LINES","DFY-BKN420 | I Hear It All The Time | 3 minutes BPCON2021, Alex Review Video |  Lookalike(US,3%-4%)-340-ROWS  – 09/30 –","DFY-BKN420 | I Hear It All The Time | 3 minutes BPCON2021, Alex Review Video |  Lookalike(US,3%-4%)-340-ROWS  – 09/30 –","740.7","8287","74","4","185.17","0.89296489","10.00945946","0","0.0","1.1","2026-04-13"
"3447","facebook","SEO - DFY - NEW LINES","DFY-BKN420 | I Hear It All The Time | 3 minutes BPCON2021, Alex Review Video |  Lookalike(US,3%-4%)-340-ROWS  – 09/30 –","DFY-BKN420 | I Hear It All The Time | 3 minutes BPCON2021, Alex Review Video |  Lookalike(US,3%-4%)-340-ROWS  – 09/30 –","681.42","7742","70","4","170.36","0.90415913","9.73457143","0","0.0","1.1","2026-04-20"
"3448","facebook","SEO - DFY - NEW LINES","DFY-BKN420 | I Hear It All The Time | 3 minutes BPCON2021, Alex Review Video |  Lookalike(US,3%-4%)-340-ROWS  – 09/30 –","DFY-BKN420 | I Hear It All The Time | 3 minutes BPCON2021, Alex Review Video |  Lookalike(US,3%-4%)-340-ROWS  – 09/30 –","675.05","7787","71","4","168.76","0.91177604","9.50774648","0","0.0","1.1","2026-04-27"
"3449","facebook","SEO - DFY - NEW LINES","DFY-BKN420 | I Hear It All The Time | 3 minutes BPCON2021, Alex Review Video |  Lookalike(US,3%-4%)-340-ROWS  – 09/30 –","DFY-BKN420 | I Hear It All The Time | 3 minutes BPCON2021, Alex Review Video |  Lookalike(US,3%-4%)-340-ROWS  – 09/30 –","714.49","8355","77","5","142.9","0.92160383","9.27909091","0","0.0","1.1","2026-05-04"
"3450","facebook","SEO - DFY - NEW LINES","DFY-BKN420 | I Hear It All The Time | 3 minutes BPCON2021, Alex Review Video |  Lookalike(US,3%-4%)-340-ROWS  – 09/30 –","DFY-BKN420 | I Hear It All The Time | 3 minutes BPCON2021, Alex Review Video |  Lookalike(US,3%-4%)-340-ROWS  – 09/30 –","724.16","8628","80","5","144.83","0.92721372","9.052","0","0.0","1.1","2026-05-11"
"3451","facebook","SEO - DFY - NEW LINES","DFY-BKN420 | I Hear It All The Time | 3 minutes BPCON2021, Alex Review Video |  Lookalike(US,3%-4%)-340-ROWS  – 09/30 –","DFY-BKN420 | I Hear It All The Time | 3 minutes BPCON2021, Alex Review Video |  Lookalike(US,3%-4%)-340-ROWS  – 09/30 –","739.04","8956","84","5","147.81","0.93791871","8.79809524","0","0.0","1.1","2026-05-18"
"3452","facebook","SEO - DFY - NEW LINES","DFY-BKN420 | I Hear It All The Time | 3 minutes BPCON2021, Alex Review Video |  Lookalike(US,3%-4%)-340-ROWS  – 09/30 –","DFY-BKN420 | I Hear It All The Time | 3 minutes BPCON2021, Alex Review Video |  Lookalike(US,3%-4%)-340-ROWS  – 09/30 –","719.53","8861","84","5","143.91","0.94797427","8.56583333","0","0.0","1.1","2026-05-25"
"3453","facebook","SEO - DFY - NEW LINES","DFY-BKN420 | I Hear It All The Time | 3 minutes BPCON2021, Alex Review Video |  Lookalike(US,3%-4%)-340-ROWS  – 09/30 –","DFY-BKN420 | I Hear It All The Time | 3 minutes BPCON2021, Alex Review Video |  Lookalike(US,3%-4%)-340-ROWS  – 09/30 –","740.35","9272","89","5","148.07","0.95987921","8.31853933","0","0.0","1.1","2026-06-01"
"3454","facebook","SEO - DFY - NEW LINES","DFY-BKN420 | I Hear It All The Time | 3 minutes BPCON2021, Alex Review Video |  Lookalike(US,3%-4%)-340-ROWS  – 09/30 –","DFY-BKN420 | I Hear It All The Time | 3 minutes BPCON2021, Alex Review Video |  Lookalike(US,3%-4%)-340-ROWS  – 09/30 –","717.15","9146","88","5","143.43","0.96216925","8.14943182","0","0.0","1.1","2026-06-08"
"3455","facebook","SEO - DFY - NEW LINES","DFY-BKN420 | I Hear It All The Time | 3 minutes BPCON2021, Alex Review Video |  Lookalike(US,3%-4%)-340-ROWS  – 09/30 –","DFY-BKN420 | I Hear It All The Time | 3 minutes BPCON2021, Alex Review Video |  Lookalike(US,3%-4%)-340-ROWS  – 09/30 –","735.09","9510","93","6","122.51","0.977918","7.90419355","0","0.0","1.1","2026-06-15"
"3456","facebook","SEO - DFY - NEW LINES","DFY-BKN420 | I Hear It All The Time | 3 minutes BPCON2021, Alex Review Video |  Lookalike(US,3%-4%)-340-ROWS  – 09/30 –","DFY-BKN420 | I Hear It All The Time | 3 minutes BPCON2021, Alex Review Video |  Lookalike(US,3%-4%)-340-ROWS  – 09/30 –","761.64","10034","99","6","126.94","0.98664541","7.69333333","0","0.0","1.1","2026-06-22"
"3457","facebook","SEO - DFY - NEW LINES","DFY-BKN420 | I Hear It All The Time | 3 minutes BPCON2021, Alex Review Video |  Lookalike(US,3%-4%)-340-ROWS  – 09/30 –","DFY-BKN420 | I Hear It All The Time | 3 minutes BPCON2021, Alex Review Video |  Lookalike(US,3%-4%)-340-ROWS  – 09/30 –","733.86","9860","98","6","122.31","0.99391481","7.48836735","0","0.0","1.1","2026-06-29"
"3458","facebook","SEO - DFY - NEW LINES","DFY-BKN420 | I Hear It All The Time | 3 minutes BPCON2021, Alex Review Video |  Lookalike(US,3%-4%)-340-ROWS  – 09/30 –","DFY-BKN420 | I Hear It All The Time | 3 minutes BPCON2021, Alex Review Video |  Lookalike(US,3%-4%)-340-ROWS  – 09/30 –","677.16","9268","93","6","112.86","1.00345274","7.28129032","0","0.0","1.1","2026-07-06"
"3459","facebook","SEO - DFY - NEW LINES","DFY-BKN420 | I Hear It All The Time | 3 minutes BPCON2021, Alex Review Video |  Lookalike(US,3%-4%)-340-ROWS  – 09/30 –","DFY-BKN420 | I Hear It All The Time | 3 minutes BPCON2021, Alex Review Video |  Lookalike(US,3%-4%)-340-ROWS  – 09/30 –","653.25","9121","92","6","108.88","1.00866133","7.10054348","0","0.0","1.1","2026-07-13"
"3460","facebook","SEO - DFY - NEW LINES","DFY-BKN420 | I Hear It All The Time | 3 minutes BPCON2021, Alex Review Video |  Lookalike(US,3%-4%)-340-ROWS  – 09/30 –","DFY-BKN420 | I Hear It All The Time | 3 minutes BPCON2021, Alex Review Video |  Lookalike(US,3%-4%)-340-ROWS  – 09/30 –","693.31","9850","100","6","115.55","1.01522843","6.9331","0","0.0","1.1","2026-07-20"
"3461","facebook","SEO - DFY - NEW LINES","DFY-BKN420 | I Hear It All The Time | 3 minutes BPCON2021, Alex Review Video |  Lookalike(US,3%-4%)-340-ROWS  – 09/30 –","DFY-BKN420 | I Hear It All The Time | 3 minutes BPCON2021, Alex Review Video |  Lookalike(US,3%-4%)-340-ROWS  – 09/30 –","681.3","9835","101","7","97.33","1.02694459","6.74554455","0","0.0","1.1","2026-07-27"
"3462","facebook","SEO - DFY - NEW LINES","DFY-BKN420 | I Hear It All The Time | 3 minutes BPCON2021, Alex Review Video |  Lookalike(US,3%-4%)-340-ROWS  – 09/30 –","DFY-BKN420 | I Hear It All The Time | 3 minutes BPCON2021, Alex Review Video |  Lookalike(US,3%-4%)-340-ROWS  – 09/30 –","714.47","10471","108","7","102.07","1.03142011","6.61546296","0","0.0","1.1","2026-08-03"
"3463","facebook","SEO - DFY - NEW LINES","DFY-BKN420 | I Hear It All The Time | 3 minutes BPCON2021, Alex Review Video |  Lookalike(US,3%-4%)-340-ROWS  – 09/30 –","DFY-BKN420 | I Hear It All The Time | 3 minutes BPCON2021, Alex Review Video |  Lookalike(US,3%-4%)-340-ROWS  – 09/30 –","742.66","11075","115","7","106.09","1.03837472","6.45791304","0","0.0","1.1","2026-08-10"
"3464","facebook","SEO - DFY - NEW LINES","DFY-BKN420 | I Hear It All The Time | 3 minutes BPCON2021, Alex Review Video |  Lookalike(US,3%-4%)-340-ROWS  – 09/30 –","DFY-BKN420 | I Hear It All The Time | 3 minutes BPCON2021, Alex Review Video |  Lookalike(US,3%-4%)-340-ROWS  – 09/30 –","710.05","10729","113","7","101.44","1.05322024","6.28362832","0","0.0","1.1","2026-08-17"
"3465","facebook","SEO - DFY - NEW LINES","DFY-BKN420 | I Hear It All The Time | 3 minutes BPCON2021, Alex Review Video |  Lookalike(US,3%-4%)-340-ROWS  – 09/30 –","DFY-BKN420 | I Hear It All The Time | 3 minutes BPCON2021, Alex Review Video |  Lookalike(US,3%-4%)-340-ROWS  – 09/30 –","712.5","10898","116","7","101.79","1.06441549","6.14224138","0","0.0","1.1","2026-08-24"
"3466","facebook","SEO - DFY - NEW LINES","DFY-BKN420 | I Hear It All The Time | 3 minutes BPCON2021, Alex Review Video |  Lookalike(US,3%-4%)-340-ROWS  – 09/30 –","DFY-BKN420 | I Hear It All The Time | 3 minutes BPCON2021, Alex Review Video |  Lookalike(US,3%-4%)-340-ROWS  – 09/30 –","676.81","10475","113","7","96.69","1.078759","5.98946903","0","0.0","1.1","2026-08-31"
"3467","facebook","SEO - DFY - NEW LINES","DFY-BKN420 | I Hear It All The Time | 3 minutes BPCON2021, Alex Review Video |  Lookalike(US,3%-4%)-340-ROWS  – 09/30 –","DFY-BKN420 | I Hear It All The Time | 3 minutes BPCON2021, Alex Review Video |  Lookalike(US,3%-4%)-340-ROWS  – 09/30 –","693.3","10915","119","8","86.66","1.09024278","5.82605042","0","0.0","1.1","2026-09-07"
"3468","facebook","SEO - DFY - NEW LINES","DFY-BKN420 | I Hear It All The Time | 3 minutes BPCON2021, Alex Review Video |  Lookalike(US,3%-4%)-340-ROWS  – 09/30 –","DFY-BKN420 | I Hear It All The Time | 3 minutes BPCON2021, Alex Review Video |  Lookalike(US,3%-4%)-340-ROWS  – 09/30 –","724.7","11516","127","8","90.59","1.10281348","5.70629921","0","0.0","1.1","2026-09-14"
"3469","facebook","SEO - DFY - NEW LINES","DFY-BKN420 | I Hear It All The Time | 3 minutes BPCON2021, Alex Review Video |  Lookalike(US,3%-4%)-340-ROWS  – 09/30 –","DFY-BKN420 | I Hear It All The Time | 3 minutes BPCON2021, Alex Review Video |  Lookalike(US,3%-4%)-340-ROWS  – 09/30 –","751.78","12097","135","9","83.53","1.11597917","5.56874074","0","0.0","1.1","2026-09-21"
"3470","facebook","SEO - DFY - NEW LINES","DFY-BKN420 | I Hear It All The Time | 3 minutes BPCON2021, Alex Review Video |  Lookalike(US,3%-4%)-340-ROWS  – 09/30 –","DFY-BKN420 | I Hear It All The Time | 3 minutes BPCON2021, Alex Review Video |  Lookalike(US,3%-4%)-340-ROWS  – 09/30 –","739.04","12034","136","9","82.12","1.13013129","5.43411765","0","0.0","1.1","2026-09-28"
"3471","facebook","SEO - DFY - NEW LINES","DFY-BKN420 | I Hear It All The Time | 3 minutes BPCON2021, Alex Review Video |  Lookalike(US,3%-4%)-340-ROWS  – 09/30 –","DFY-BKN420 | I Hear It All The Time | 3 minutes BPCON2021, Alex Review Video |  Lookalike(US,3%-4%)-340-ROWS  – 09/30 –","700.5","11526","132","9","77.83","1.14523686","5.30681818","0","0.0","1.1","2026-10-05"
"3472","facebook","SEO - DFY - NEW LINES","DFY-BKN420 | I Hear It All The Time | 3 minutes BPCON2021, Alex Review Video |  Lookalike(US,3%-4%)-340-ROWS  – 09/30 –","DFY-BKN420 | I Hear It All The Time | 3 minutes BPCON2021, Alex Review Video |  Lookalike(US,3%-4%)-340-ROWS  – 09/30 –","731.39","12137","141","9","81.27","1.16173684","5.18716312","0","0.0","1.1","2026-10-12"
"3473","facebook","SEO - DFY - NEW LINES","DFY-BKN420 | I Hear It All The Time | 3 minutes BPCON2021, Alex Review Video |  Lookalike(US,3%-4%)-340-ROWS  – 09/30 –","DFY-BKN420 | I Hear It All The Time | 3 minutes BPCON2021, Alex Review Video |  Lookalike(US,3%-4%)-340-ROWS  – 09/30 –","709.68","11906","140","9","78.85","1.17587771","5.06914286","0","0.0","1.1","2026-10-19"
"3474","facebook","SEO - DFY - NEW LINES","DFY-BKN420 | I Hear It All The Time | 3 minutes BPCON2021, Alex Review Video |  Lookalike(US,3%-4%)-340-ROWS  – 09/30 –","DFY-BKN420 | I Hear It All The Time | 3 minutes BPCON2021, Alex Review Video |  Lookalike(US,3%-4%)-340-ROWS  – 09/30 –","677.16","11458","137","9","75.24","1.19567115","4.94277372","0","0.0","1.1","2026-10-26"
"3475","facebook","SEO - DFY - NEW LINES","DFY-BKN420 | I Hear It All The Time | 3 minutes BPCON2021, Alex Review Video |  Lookalike(US,3%-4%)-340-ROWS  – 09/30 –","DFY-BKN420 | I Hear It All The Time | 3 minutes BPCON2021, Alex Review Video |  Lookalike(US,3%-4%)-340-ROWS  – 09/30 –","666.96","2246","69","","","3.07212823","9.66608696","0","0.0","1.1","2026-11-02"
"3476","facebook","SEO - DFY - NEW LINES","DFY-BKN420 | I Hear It All The Time | 3 minutes BPCON2021, Alex Review Video |  Lookalike(US,3%-4%)-340-ROWS  – 09/30 –","DFY-BKN420 | I Hear It All The Time | 3 minutes BPCON2021, Alex Review Video |  Lookalike(US,3%-4%)-340-ROWS  – 09/30 –","671.32","2272","69","","","3.03697183","9.72927536","0","0.0","1.1","2026-11-09"
"3477","facebook","SEO - DFY - NEW LINES","DFY-BKN420 | I Hear It All The Time | 3 minutes BPCON2021, Alex Review Video |  Lookalike(US,3%-4%)-340-ROWS  – 09/30 –","DFY-BKN420 | I Hear It All The Time | 3 minutes BPCON2021, Alex Review Video |  Lookalike(US,3%-4%)-340-ROWS  – 09/30 –","681.25","2350","71","","","3.0212766","9.59507042","0","0.0","1.1","2026-11-16"
"3478","facebook","SEO - DFY - NEW LINES","DFY-BKN420 | I Hear It All The Time | 3 minutes BPCON2021, Alex Review Video |  Lookalike(US,3%-4%)-340-ROWS  – 09/30 –","DFY-BKN420 | I Hear It All The Time | 3 minutes BPCON2021, Alex Review Video |  Lookalike(US,3%-4%)-340-ROWS  – 09/30 –","685.04","2382","72","","","3.02267003","9.51444444","0","0.0","1.1","2026-11-23"
"3479","facebook","SEO - DFY - NEW LINES","DFY-BKN420 | I Hear It All The Time | 3 minutes BPCON2021, Alex Review Video |  Lookalike(US,3%-4%)-340-ROWS  – 09/30 –","DFY-BKN420 | I Hear It All The Time | 3 minutes BPCON2021, Alex Review Video |  Lookalike(US,3%-4%)-340-ROWS  – 09/30 –","752.41","2641","80","","","3.02915562","9.405125","0","0.0","1.1","2026-11-30"
"3480","facebook","SEO - DFY - NEW LINES","DFY-BKN420 | I Hear It All The Time | 3 minutes BPCON2021, Alex Review Video |  Lookalike(US,3%-4%)-340-ROWS  – 09/30 –","DFY-BKN420 | I Hear It All The Time | 3 minutes BPCON2021, Alex Review Video |  Lookalike(US,3%-4%)-340-ROWS  – 09/30 –","735.61","13214","165","10","73.56","1.24867565","4.45824242","0","0.0","1.1","2026-12-07"
"3481","facebook","SEO - DFY - NEW LINES","DFY-BKN420 | I Hear It All The Time | 3 minutes BPCON2021, Alex Review Video |  Lookalike(US,3%-4%)-340-ROWS  – 09/30 –","DFY-BKN420 | I Hear It All The Time | 3 minutes BPCON2021, Alex Review Video |  Lookalike(US,3%-4%)-340-ROWS  – 09/30 –","714.28","12988","164","10","71.43","1.26270403","4.35536585","0","0.0","1.1","2026-12-14"
"3482","facebook","SEO - DFY - NEW LINES","DFY-BKN420 | I Hear It All The Time | 3 minutes BPCON2021, Alex Review Video |  Lookalike(US,3%-4%)-340-ROWS  – 09/30 –","DFY-BKN420 | I Hear It All The Time | 3 minutes BPCON2021, Alex Review Video |  Lookalike(US,3%-4%)-340-ROWS  – 09/30 –","714.3","13164","168","11","64.94","1.27620784","4.25178571","0","0.0","1.1","2026-12-21"
"3483","facebook","SEO - DFY - NEW LINES","DFY-BKN420 | I Hear It All The Time | 3 minutes BPCON2021, Alex Review Video |  Lookalike(US,3%-4%)-340-ROWS  – 09/30 –","DFY-BKN420 | I Hear It All The Time | 3 minutes BPCON2021, Alex Review Video |  Lookalike(US,3%-4%)-340-ROWS  – 09/30 –","710.05","13247","171","11","64.55","1.29085831","4.15233918","0","0.0","1.1","2026-12-28"
"3484","facebook","SEO - DFY - NEW LINES","DFY-BKN420 | I Hear It All The Time | 3 minutes BPCON2021, Alex Review Video |  Lookalike(US,3%-4%)-340-ROWS  – 09/30 –","DFY-BKN420 | I Hear It All The Time | 3 minutes BPCON2021, Alex Review Video |  Lookalike(US,3%-4%)-340-ROWS  – 09/30 –","677.16","12795","167","11","61.56","1.30519734","4.0548503","0","0.0","1.1","2027-01-04"
"3485","facebook","SEO - DFY - NEW LINES","DFY-BKN420 | I Hear It All The Time | 3 minutes BPCON2021, Alex Review Video |  Lookalike(US,3%-4%)-340-ROWS  – 09/30 –","DFY-BKN420 | I Hear It All The Time | 3 minutes BPCON2021, Alex Review Video |  Lookalike(US,3%-4%)-340-ROWS  – 09/30 –","740.7","14197","187","12","61.73","1.31717969","3.96096257","0","0.0","1.1","2027-01-11"
"3486","facebook","SEO - DFY - NEW LINES","DFY-BKN420 | I Hear It All The Time | 3 minutes BPCON2021, Alex Review Video |  Lookalike(US,3%-4%)-340-ROWS  – 09/30 –","DFY-BKN420 | I Hear It All The Time | 3 minutes BPCON2021, Alex Review Video |  Lookalike(US,3%-4%)-340-ROWS  – 09/30 –","719.53","13970","186","12","59.96","1.33142448","3.86844086","0","0.0","1.1","2027-01-18"
"3487","facebook","SEO - DFY - NEW LINES","DFY-BKN420 | I Hear It All The Time | 3 minutes BPCON2021, Alex Review Video |  Lookalike(US,3%-4%)-340-ROWS  – 09/30 –","DFY-BKN420 | I Hear It All The Time | 3 minutes BPCON2021, Alex Review Video |  Lookalike(US,3%-4%)-340-ROWS  – 09/30 –","739.04","14541","195","13","56.85","1.34103569","3.79","0","0.0","1.1","2027-01-25"
"3488","facebook","SEO - DFY - NEW LINES","DFY-BKN420 | I Hear It All The Time | 3 minutes BPCON2021, Alex Review Video |  Lookalike(US,3%-4%)-340-ROWS  – 09/30 –","DFY-BKN420 | I Hear It All The Time | 3 minutes BPCON2021, Alex Review Video |  Lookalike(US,3%-4%)-340-ROWS  – 09/30 –","714.47","14234","193","13","54.96","1.35590839","3.7019171","0","0.0","1.1","2027-02-01"
"3489","facebook","SEO - DFY - NEW LINES","DFY-BKN420 | I Hear It All The Time | 3 minutes BPCON2021, Alex Review Video |  Lookalike(US,3%-4%)-340-ROWS  – 09/30 –","DFY-BKN420 | I Hear It All The Time | 3 minutes BPCON2021, Alex Review Video |  Lookalike(US,3%-4%)-340-ROWS  – 09/30 –","714.49","14418","197","13","54.96","1.36634762","3.62685279","0","0.0","1.1","2027-02-08"
"3490","facebook","SEO - DFY - NEW LINES","DFY-BKN420 | I Hear It All The Time | 3 minutes BPCON2021, Alex Review Video |  Lookalike(US,3%-4%)-340-ROWS  – 09/30 –","DFY-BKN420 | I Hear It All The Time | 3 minutes BPCON2021, Alex Review Video |  Lookalike(US,3%-4%)-340-ROWS  – 09/30 –","737.56","15072","208","14","52.68","1.38004246","3.54596154","0","0.0","1.1","2027-02-15"
"3491","facebook","SEO - DFY - NEW LINES","DFY-BKN420 | I Hear It All The Time | 3 minutes BPCON2021, Alex Review Video |  Lookalike(US,3%-4%)-340-ROWS  – 09/30 –","DFY-BKN420 | I Hear It All The Time | 3 minutes BPCON2021, Alex Review Video |  Lookalike(US,3%-4%)-340-ROWS  – 09/30 –","742.66","15354","213","14","53.05","1.38726065","3.48666667","0","0.0","1.1","2027-02-22"
"3492","facebook","SEO - DFY - NEW LINES","DFY-BKN420 | I Hear It All The Time | 3 minutes BPCON2021, Alex Review Video |  Lookalike(US,3%-4%)-340-ROWS  – 09/30 –","DFY-BKN420 | I Hear It All The Time | 3 minutes BPCON2021, Alex Review Video |  Lookalike(US,3%-4%)-340-ROWS  – 09/30 –","677.16","14144","198","14","48.37","1.39988688","3.41999999","0","0.0","1.1","2027-03-01"
"3493","facebook","SEO - DFY - NEW LINES","DFY-BKN420 | I Hear It All The Time | 3 minutes BPCON2021, Alex Review Video |  Lookalike(US,3%-4%)-340-ROWS  – 09/30 –","DFY-BKN420 | I Hear It All The Time | 3 minutes BPCON2021, Alex Review Video |  Lookalike(US,3%-4%)-340-ROWS  – 09/30 –","666.96","14070","199","13","51.3","1.41435679","3.35155779","0","0.0","1.1","2027-03-08"
"3494","facebook","SEO - DFY - NEW LINES","DFY-BKN420 | I Hear It All The Time | 3 minutes BPCON2021, Alex Review Video |  Lookalike(US,3%-4%)-340-ROWS  – 09/30 –","DFY-BKN420 | I Hear It All The Time | 3 minutes BPCON2021, Alex Review Video |  Lookalike(US,3%-4%)-340-ROWS  – 09/30 –","740.7","15802","225","15","49.38","1.4238704","3.292","0","0.0","1.1","2027-03-15"
"3495","facebook","SEO - DFY - NEW LINES","DFY-BKN420 | I Hear It All The Time | 3 minutes BPCON2021, Alex Review Video |  Lookalike(US,3%-4%)-340-ROWS  – 09/30 –","DFY-BKN420 | I Hear It All The Time | 3 minutes BPCON2021, Alex Review Video |  Lookalike(US,3%-4%)-340-ROWS  – 09/30 –","730.08","15733","226","16","45.63","1.43647111","3.23044248","0","0.0","1.1","2027-03-22"
"3496","facebook","SEO - DFY - NEW LINES","DFY-BKN420 | I Hear It All The Time | 3 minutes BPCON2021, Alex Review Video |  Lookalike(US,3%-4%)-340-ROWS  – 09/30 –","DFY-BKN420 | I Hear It All The Time | 3 minutes BPCON2021, Alex Review Video |  Lookalike(US,3%-4%)-340-ROWS  – 09/30 –","717.15","15610","226","16","44.82","1.44778988","3.17323009","0","0.0","1.1","2027-03-29"
"3497","facebook","SEO - DFY - NEW LINES","DFY-BKN420 | I Hear It All The Time | 3 minutes BPCON2021, Alex Review Video |  Lookalike(US,3%-4%)-340-ROWS  – 09/30 –","DFY-BKN420 | I Hear It All The Time | 3 minutes BPCON2021, Alex Review Video |  Lookalike(US,3%-4%)-340-ROWS  – 09/30 –","714.3","15696","229","16","44.64","1.45897044","3.11921397","0","0.0","1.1","2027-04-05"
"3498","facebook","SEO - DFY - NEW LINES","DFY-BKN420 | I Hear It All The Time | 3 minutes BPCON2021, Alex Review Video |  Lookalike(US,3%-4%)-340-ROWS  – 09/30 –","DFY-BKN420 | I Hear It All The Time | 3 minutes BPCON2021, Alex Review Video |  Lookalike(US,3%-4%)-340-ROWS  – 09/30 –","677.29","14995","221","15","45.15","1.47382461","3.06466063","0","0.0","1.1","2027-04-12"
"3499","facebook","SEO - DFY - NEW LINES","DFY-BKN420 | I Hear It All The Time | 3 minutes BPCON2021, Alex Review Video |  Lookalike(US,3%-4%)-340-ROWS  – 09/30 –","DFY-BKN420 | I Hear It All The Time | 3 minutes BPCON2021, Alex Review Video |  Lookalike(US,3%-4%)-340-ROWS  – 09/30 –","714.47","15984","237","16","44.65","1.48273273","3.01464135","0","0.0","1.1","2027-04-19"
"3500","facebook","SEO - DFY - NEW LINES","DFY-BKN420 | I Hear It All The Time | 3 minutes BPCON2021, Alex Review Video |  Lookalike(US,3%-4%)-340-ROWS  – 09/30 –","DFY-BKN420 | I Hear It All The Time | 3 minutes BPCON2021, Alex Review Video |  Lookalike(US,3%-4%)-340-ROWS  – 09/30 –","693.3","15668","234","16","43.33","1.49348992","2.96282051","0","0.0","1.1","2027-04-26"
"3501","facebook","SEO - DFY - NEW LINES","DFY-BKN420 | I Hear It All The Time | 3 minutes BPCON2021, Alex Review Video |  Lookalike(US,3%-4%)-340-ROWS  – 09/30 –","DFY-BKN420 | I Hear It All The Time | 3 minutes BPCON2021, Alex Review Video |  Lookalike(US,3%-4%)-340-ROWS  – 09/30 –","740.35","16878","254","18","41.13","1.50491764","2.91476378","0","0.0","1.1","2027-05-03"
"3502","facebook","SEO - DFY - NEW LINES","DFY-BKN420 | I Hear It All The Time | 3 minutes BPCON2021, Alex Review Video |  Lookalike(US,3%-4%)-340-ROWS  – 09/30 –","DFY-BKN420 | I Hear It All The Time | 3 minutes BPCON2021, Alex Review Video |  Lookalike(US,3%-4%)-340-ROWS  – 09/30 –","739.51","16960","258","18","41.08","1.52122641","2.86631783","0","0.0","1.1","2027-05-10"
"3503","facebook","SEO - DFY - NEW LINES","DFY-BKN420 | I Hear It All The Time | 3 minutes BPCON2021, Alex Review Video |  Lookalike(US,3%-4%)-340-ROWS  – 09/30 –","DFY-BKN420 | I Hear It All The Time | 3 minutes BPCON2021, Alex Review Video |  Lookalike(US,3%-4%)-340-ROWS  – 09/30 –","691.68","15989","245","17","40.69","1.53230346","2.82318367","0","0.0","1.1","2027-05-17"
"3504","facebook","SEO - DFY - NEW LINES","DFY-BKN420 | I Hear It All The Time | 3 minutes BPCON2021, Alex Review Video |  Lookalike(US,3%-4%)-340-ROWS  – 09/30 –","DFY-BKN420 | I Hear It All The Time | 3 minutes BPCON2021, Alex Review Video |  Lookalike(US,3%-4%)-340-ROWS  – 09/30 –","724.7","16905","261","18","40.26","1.54392192","2.77662835","0","0.0","1.1","2027-05-24"
"3505","facebook","SEO - DFY - NEW LINES","DFY-BKN420 | I Hear It All The Time | 3 minutes BPCON2021, Alex Review Video |  Lookalike(US,3%-4%)-340-ROWS  – 09/30 –","DFY-BKN420 | I Hear It All The Time | 3 minutes BPCON2021, Alex Review Video |  Lookalike(US,3%-4%)-340-ROWS  – 09/30 –","712.5","16729","261","19","37.5","1.560165","2.72988506","0","0.0","1.1","2027-05-31"
"3506","facebook","SEO - DFY - NEW LINES","DFY-BKN420 | I Hear It All The Time | 3 minutes BPCON2021, Alex Review Video |  Lookalike(US,3%-4%)-340-ROWS  – 09/30 –","DFY-BKN420 | I Hear It All The Time | 3 minutes BPCON2021, Alex Review Video |  Lookalike(US,3%-4%)-340-ROWS  – 09/30 –","677.29","15993","252","18","37.63","1.57568936","2.68765873","0","0.0","1.1","2027-06-07"
"3507","facebook","SEO - DFY - NEW LINES","DFY-BKN420 | I Hear It All The Time | 3 minutes BPCON2021, Alex Review Video |  Lookalike(US,3%-4%)-340-ROWS  – 09/30 –","DFY-BKN420 | I Hear It All The Time | 3 minutes BPCON2021, Alex Review Video |  Lookalike(US,3%-4%)-340-ROWS  – 09/30 –","693.3","16520","262","19","36.49","1.58595642","2.64618321","0","0.0","1.1","2027-06-14"
"3508","facebook","SEO - DFY - NEW LINES","DFY-BKN420 | I Hear It All The Time | 3 minutes BPCON2021, Alex Review Video |  Lookalike(US,3%-4%)-340-ROWS  – 09/30 –","DFY-BKN420 | I Hear It All The Time | 3 minutes BPCON2021, Alex Review Video |  Lookalike(US,3%-4%)-340-ROWS  – 09/30 –","739.04","17730","284","20","36.95","1.60180485","2.60225352","0","0.0","1.1","2027-06-21"
"3509","facebook","SEO - DFY - NEW LINES","DFY-BKN420 | I Hear It All The Time | 3 minutes BPCON2021, Alex Review Video |  Lookalike(US,3%-4%)-340-ROWS  – 09/30 –","DFY-BKN420 | I Hear It All The Time | 3 minutes BPCON2021, Alex Review Video |  Lookalike(US,3%-4%)-340-ROWS  – 09/30 –","740.94","17904","289","21","35.28","1.61416443","2.56380623","0","0.0","1.1","2027-06-28"
"3510","facebook","SEO - DFY - NEW LINES","DFY-BKN420 | I Hear It All The Time | 3 minutes BPCON2021, Alex Review Video |  Lookalike(US,3%-4%)-340-ROWS  – 09/30 –","DFY-BKN420 | I Hear It All The Time | 3 minutes BPCON2021, Alex Review Video |  Lookalike(US,3%-4%)-340-ROWS  – 09/30 –","693.31","16900","275","20","34.67","1.62721893","2.52112727","0","0.0","1.1","2027-07-05"
"3511","facebook","SEO - DFY - NEW LINES","DFY-BKN420 | I Hear It All The Time | 3 minutes BPCON2021, Alex Review Video |  Lookalike(US,3%-4%)-340-ROWS  – 09/30 –","DFY-BKN420 | I Hear It All The Time | 3 minutes BPCON2021, Alex Review Video |  Lookalike(US,3%-4%)-340-ROWS  – 09/30 –","700.5","17188","282","20","35.02","1.64067954","2.48404255","0","0.0","1.1","2027-07-12"
"3512","facebook","SEO - DFY - NEW LINES","DFY-BKN420 | I Hear It All The Time | 3 minutes BPCON2021, Alex Review Video |  Lookalike(US,3%-4%)-340-ROWS  – 09/30 –","DFY-BKN420 | I Hear It All The Time | 3 minutes BPCON2021, Alex Review Video |  Lookalike(US,3%-4%)-340-ROWS  – 09/30 –","714.28","17625","292","22","32.47","1.65673759","2.44616438","0","0.0","1.1","2027-07-19"
"3513","facebook","SEO - DFY - NEW LINES","DFY-BKN420 | I Hear It All The Time | 3 minutes BPCON2021, Alex Review Video |  Lookalike(US,3%-4%)-340-ROWS  – 09/30 –","DFY-BKN420 | I Hear It All The Time | 3 minutes BPCON2021, Alex Review Video |  Lookalike(US,3%-4%)-340-ROWS  – 09/30 –","677.16","16827","281","21","32.25","1.66993522","2.40982206","0","0.0","1.1","2027-07-26"
"3514","facebook","SEO - DFY - NEW LINES","DFY-BKN420 | I Hear It All The Time | 3 minutes BPCON2021, Alex Review Video |  Lookalike(US,3%-4%)-340-ROWS  – 09/30 –","DFY-BKN420 | I Hear It All The Time | 3 minutes BPCON2021, Alex Review Video |  Lookalike(US,3%-4%)-340-ROWS  – 09/30 –","752.41","24610","626","70","10.75","2.54368143","1.20193291","0","0.0","1.1","2027-08-02"
"3515","facebook","SEO - DFY - NEW LINES","DFY-BKN420 | I Hear It All The Time | 3 minutes BPCON2021, Alex Review Video |  Lookalike(US,3%-4%)-340-ROWS  – 09/30 –","DFY-BKN420 | I Hear It All The Time | 3 minutes BPCON2021, Alex Review Video |  Lookalike(US,3%-4%)-340-ROWS  – 09/30 –","740.36","24233","616","69","10.73","2.5419882","1.20188312","0","0.0","1.1","2027-08-09"
"3516","facebook","SEO - DFY - NEW LINES","DFY-BKN420 | I Hear It All The Time | 3 minutes BPCON2021, Alex Review Video |  Lookalike(US,3%-4%)-340-ROWS  – 09/30 –","DFY-BKN420 | I Hear It All The Time | 3 minutes BPCON2021, Alex Review Video |  Lookalike(US,3%-4%)-340-ROWS  – 09/30 –","693.31","22709","577","65","10.67","2.54084284","1.20157712","0","0.0","1.1","2027-08-16"
"3517","facebook","SEO - DFY - NEW LINES","DFY-BKN420 | I Hear It All The Time | 3 minutes BPCON2021, Alex Review Video |  Lookalike(US,3%-4%)-340-ROWS  – 09/30 –","DFY-BKN420 | I Hear It All The Time | 3 minutes BPCON2021, Alex Review Video |  Lookalike(US,3%-4%)-340-ROWS  – 09/30 –","714.28","23413","595","67","10.66","2.54132319","1.20047059","0","0.0","1.1","2027-08-23"
"3518","facebook","SEO - DFY - NEW LINES","DFY-BKN420 | I Hear It All The Time | 3 minutes BPCON2021, Alex Review Video |  Lookalike(US,3%-4%)-340-ROWS  – 09/30 –","DFY-BKN420 | I Hear It All The Time | 3 minutes BPCON2021, Alex Review Video |  Lookalike(US,3%-4%)-340-ROWS  – 09/30 –","677.29","22237","565","63","10.75","2.54081036","1.19874336","0","0.0","1.1","2027-08-30"
"3519","facebook","SEO - DFY - NEW LINES","DFY-BKN420 | I Hear It All The Time | 3 minutes BPCON2021, Alex Review Video |  Lookalike(US,3%-4%)-340-ROWS  – 09/30 –","DFY-BKN420 | I Hear It All The Time | 3 minutes BPCON2021, Alex Review Video |  Lookalike(US,3%-4%)-340-ROWS  – 09/30 –","716.32","18290","302","23","31.14","1.65117551","2.37192053","0","0.0","1.1","2027-09-06"
"3520","facebook","SEO - DFY - NEW LINES","DFY-BKN420 | I Hear It All The Time | 3 minutes BPCON2021, Alex Review Video |  Lookalike(US,3%-4%)-340-ROWS  – 09/30 –","DFY-BKN420 | I Hear It All The Time | 3 minutes BPCON2021, Alex Review Video |  Lookalike(US,3%-4%)-340-ROWS  – 09/30 –","739.51","18943","316","24","30.81","1.66816238","2.34022152","0","0.0","1.1","2027-09-13"
"3521","facebook","SEO - DFY - NEW LINES","DFY-BKN420 | I Hear It All The Time | 3 minutes BPCON2021, Alex Review Video |  Lookalike(US,3%-4%)-340-ROWS  – 09/30 –","DFY-BKN420 | I Hear It All The Time | 3 minutes BPCON2021, Alex Review Video |  Lookalike(US,3%-4%)-340-ROWS  – 09/30 –","696.15","17937","302","23","30.27","1.68366895","2.30513245","0","0.0","1.1","2027-09-20"
"3522","facebook","SEO - DFY - NEW LINES","DFY-BKN420 | I Hear It All The Time | 3 minutes BPCON2021, Alex Review Video |  Lookalike(US,3%-4%)-340-ROWS  – 09/30 –","DFY-BKN420 | I Hear It All The Time | 3 minutes BPCON2021, Alex Review Video |  Lookalike(US,3%-4%)-340-ROWS  – 09/30 –","761.5","19762","335","26","29.29","1.69517255","2.27313433","0","0.0","1.1","2027-09-27"
"3523","facebook","SEO - DFY - NEW LINES","DFY-BKN420 | I Hear It All The Time | 3 minutes BPCON2021, Alex Review Video |  Lookalike(US,3%-4%)-340-ROWS  – 09/30 –","DFY-BKN420 | I Hear It All The Time | 3 minutes BPCON2021, Alex Review Video |  Lookalike(US,3%-4%)-340-ROWS  – 09/30 –","730.08","19018","324","25","29.2","1.70364917","2.25333333","0","0.0","1.1","2027-10-04"
"3524","facebook","SEO - DFY - NEW LINES","DFY-BKN420 | I Hear It All The Time | 3 minutes BPCON2021, Alex Review Video |  Lookalike(US,3%-4%)-340-ROWS  – 09/30 –","DFY-BKN420 | I Hear It All The Time | 3 minutes BPCON2021, Alex Review Video |  Lookalike(US,3%-4%)-340-ROWS  – 09/30 –","740.94","19445","334","26","28.5","1.71766521","2.21838323","0","0.0","1.1","2027-10-11"
"3525","facebook","SEO - DFY - NEW LINES","DFY-BKN420 | I Hear It All The Time | 3 minutes BPCON2021, Alex Review Video |  Lookalike(US,3%-4%)-340-ROWS  – 09/30 –","DFY-BKN420 | I Hear It All The Time | 3 minutes BPCON2021, Alex Review Video |  Lookalike(US,3%-4%)-340-ROWS  – 09/30 –","677.16","17894","309","24","28.22","1.72683581","2.19145631","0","0.0","1.1","2027-10-18"
"3526","facebook","SEO - DFY - NEW LINES","DFY-BKN420 | I Hear It All The Time | 3 minutes BPCON2021, Alex Review Video |  Lookalike(US,3%-4%)-340-ROWS  – 09/30 –","DFY-BKN420 | I Hear It All The Time | 3 minutes BPCON2021, Alex Review Video |  Lookalike(US,3%-4%)-340-ROWS  – 09/30 –","659.88","17528","304","24","27.5","1.73436787","2.17065789","0","0.0","1.1","2027-10-25"
"3527","facebook","SEO - DFY - NEW LINES","DFY-BKN420 | I Hear It All The Time | 3 minutes BPCON2021, Alex Review Video |  Lookalike(US,3%-4%)-340-ROWS  – 09/30 –","DFY-BKN420 | I Hear It All The Time | 3 minutes BPCON2021, Alex Review Video |  Lookalike(US,3%-4%)-340-ROWS  – 09/30 –","670.36","17904","313","25","26.81","1.74821269","2.14172524","0","0.0","1.1","2027-11-01"
"3528","facebook","SEO - DFY - NEW LINES","DFY-BKN420 | I Hear It All The Time | 3 minutes BPCON2021, Alex Review Video |  Lookalike(US,3%-4%)-340-ROWS  – 09/30 –","DFY-BKN420 | I Hear It All The Time | 3 minutes BPCON2021, Alex Review Video |  Lookalike(US,3%-4%)-340-ROWS  – 09/30 –","740.7","19914","351","28","26.45","1.76257909","2.11025641","0","0.0","1.1","2027-11-08"
"3529","facebook","SEO - DFY - NEW LINES","DFY-BKN420 | I Hear It All The Time | 3 minutes BPCON2021, Alex Review Video |  Lookalike(US,3%-4%)-340-ROWS  – 09/30 –","DFY-BKN420 | I Hear It All The Time | 3 minutes BPCON2021, Alex Review Video |  Lookalike(US,3%-4%)-340-ROWS  – 09/30 –","681.42","18428","326","26","26.21","1.7690471","2.0902454","0","0.0","1.1","2027-11-15"
"3530","facebook","SEO - DFY - NEW LINES","DFY-BKN420 | I Hear It All The Time | 3 minutes BPCON2021, Alex Review Video |  Lookalike(US,3%-4%)-340-ROWS  – 09/30 –","DFY-BKN420 | I Hear It All The Time | 3 minutes BPCON2021, Alex Review Video |  Lookalike(US,3%-4%)-340-ROWS  – 09/30 –","675.05","18378","326","26","25.96","1.77386005","2.07070552","0","0.0","1.1","2027-11-22"
"3531","facebook","SEO - DFY - NEW LINES","DFY-BKN420 | I Hear It All The Time | 3 minutes BPCON2021, Alex Review Video |  Lookalike(US,3%-4%)-340-ROWS  – 09/30 –","DFY-BKN420 | I Hear It All The Time | 3 minutes BPCON2021, Alex Review Video |  Lookalike(US,3%-4%)-340-ROWS  – 09/30 –","714.49","19566","349","28","25.52","1.78370643","2.04724928","0","0.0","1.1","2027-11-29"
"3532","facebook","SEO - DFY - NEW LINES","DFY-BKN420 | I Hear It All The Time | 3 minutes BPCON2021, Alex Review Video |  Lookalike(US,3%-4%)-340-ROWS  – 09/30 –","DFY-BKN420 | I Hear It All The Time | 3 minutes BPCON2021, Alex Review Video |  Lookalike(US,3%-4%)-340-ROWS  – 09/30 –","724.16","19962","357","29","24.97","1.78839846","2.02845938","0","0.0","1.1","2027-12-06"
"3533","facebook","SEO - DFY - NEW LINES","DFY-BKN420 | I Hear It All The Time | 3 minutes BPCON2021, Alex Review Video |  Lookalike(US,3%-4%)-340-ROWS  – 09/30 –","DFY-BKN420 | I Hear It All The Time | 3 minutes BPCON2021, Alex Review Video |  Lookalike(US,3%-4%)-340-ROWS  – 09/30 –","739.04","20509","369","30","24.63","1.7992101","2.00281843","0","0.0","1.1","2027-12-13"
"3534","facebook","SEO - DFY - NEW LINES","DFY-BKN420 | I Hear It All The Time | 3 minutes BPCON2021, Alex Review Video |  Lookalike(US,3%-4%)-340-ROWS  – 09/30 –","DFY-BKN420 | I Hear It All The Time | 3 minutes BPCON2021, Alex Review Video |  Lookalike(US,3%-4%)-340-ROWS  – 09/30 –","719.53","20083","363","29","24.81","1.80749888","1.98217631","0","0.0","1.1","2027-12-20"
"3535","facebook","SEO - DFY - NEW LINES","DFY-BKN420 | I Hear It All The Time | 3 minutes BPCON2021, Alex Review Video |  Lookalike(US,3%-4%)-340-ROWS  – 09/30 –","DFY-BKN420 | I Hear It All The Time | 3 minutes BPCON2021, Alex Review Video |  Lookalike(US,3%-4%)-340-ROWS  – 09/30 –","740.35","20803","378","31","23.88","1.81704562","1.95859788","0","0.0","1.1","2027-12-27"